experiment_id,decision_case_id,method,semantic_decision_required,oracle_hit,oracle_regret,selected_display_position,model_reason,人工结论,错误类型,证据
EXP_1C_DEEPSEEK_FLASH_VALIDATION,DC_00151,vlm_text,True,False,0.040000000000000036,C03,C03将易碎箱置于底层空位，上方无其他箱体承载，且平衡与紧凑度评分最高，符合易碎箱优先高层且不承载的规则。,语义次优；理由与高度偏好矛盾,高度偏好遗漏,C03->cand_898e8baacda0，语义分0.600000；Oracle C15->cand_cbbc58ac911f，语义分0.640000。新箱item_06为易碎箱；所选z=0，Oracle的z=170且支撑于非易碎item_02/item_04。称底层选择满足优先高层，与可用候选不符。
EXP_1C_DEEPSEEK_FLASH_VALIDATION,DC_00151,vlm_visual,True,False,0.040000000000000036,C03,C03将易碎箱置于底层空位，不承载其他箱体，且平衡与紧凑度评分最高，几何质量最优。,语义次优；理由与高度偏好矛盾,高度偏好遗漏,C03->cand_898e8baacda0，语义分0.600000；Oracle C15->cand_cbbc58ac911f，语义分0.640000。新箱item_06为易碎箱；所选z=0，Oracle的z=170且支撑于非易碎item_02/item_04。称底层选择满足优先高层，与可用候选不符。
EXP_1C_DEEPSEEK_FLASH_VALIDATION,DC_00152,vlm_text,True,True,0.0,C05,C05支撑比1.0、剩余承载15.4kg，且未压在易碎箱item_05/06上，符合易碎箱不承载规则；同时平衡与稳定性较好。,选择正确；理由与候选事实一致,无,C05->cand_16776d1bc386，语义分0.600000；Oracle C05->cand_16776d1bc386，语义分0.600000。新箱item_07非易碎；所选支撑于非易碎item_02/item_04，未压到易碎item_05/item_06，且与Oracle候选相同。
EXP_1C_DEEPSEEK_FLASH_VALIDATION,DC_00152,vlm_visual,True,True,0.0,C05,C05放置在非易碎箱item_02与item_04上，支撑比1.0，未压易碎箱item_05/06，且z_base=170处于较高层，平衡与稳定性均优。,选择正确；理由与候选事实一致,无,C05->cand_16776d1bc386，语义分0.600000；Oracle C05->cand_16776d1bc386，语义分0.600000。新箱item_07非易碎；所选支撑于非易碎item_02/item_04，未压到易碎item_05/item_06，且与Oracle候选相同。
EXP_1C_DEEPSEEK_FLASH_VALIDATION,DC_00153,vlm_text,True,False,0.16634700000000002,C07,C07将新箱放在易碎箱item_06上方，未使易碎箱承载其他箱体，且放置层高140mm，符合易碎箱优先放高层的规则；同时平衡与稳定性较好，剩余承载余量充足。,语义次优；理由误判下方易碎箱载荷,易碎箱支撑载荷误判,C07->cand_39b8620ffc23，语义分0.267306；Oracle C05->cand_1ede555bd240，语义分0.433653。所选C07支撑于易碎item_06；Oracle C05支撑于非易碎item_02/item_04。放在item_06上方会使其承载新箱，模型称不会增加其载荷与支撑关系矛盾。
EXP_1C_DEEPSEEK_FLASH_VALIDATION,DC_00153,vlm_visual,True,False,0.16634700000000002,C07,C07将当前箱放在140mm层，位于易碎箱item_06上方但未增加其承载，且平衡与支撑比良好，符合易碎箱不承载并优先放高层的规则。,语义次优；理由误判下方易碎箱载荷,易碎箱支撑载荷误判,C07->cand_39b8620ffc23，语义分0.267306；Oracle C05->cand_1ede555bd240，语义分0.433653。所选C07支撑于易碎item_06；Oracle C05支撑于非易碎item_02/item_04。放在item_06上方会使其承载新箱，模型称不会增加其载荷与支撑关系矛盾。
EXP_1C_DEEPSEEK_FLASH_VALIDATION,DC_00154,vlm_text,False,False,0.0,C01,当前无已放置物料，不存在与重物接触或支撑关系；各候选几何与载荷指标相同，C01为默认首选。,语义等价选择；该题不触发隔离规则,无,C01->cand_6e49b2b0355a，语义分1.000000；Oracle C03->cand_1a8cf892a910，语义分1.000000。当前无已放物品，待放item_01为general/light；无电子产品与重物接触对。该题全部候选语义得分均为1.0，未命中唯一Oracle ID不构成语义错误。
EXP_1C_DEEPSEEK_FLASH_VALIDATION,DC_00154,vlm_visual,False,False,0.0,C01,当前仅有单个轻质电子产品箱，无重物箱，不触发接触或支撑限制；各候选几何评分完全相同，C01位于容器内正坐标区域，姿态常规，便于后续码垛扩展。,语义等价选择；理由误认物品类别,物品类别误认,C01->cand_6e49b2b0355a，语义分1.000000；Oracle C03->cand_1a8cf892a910，语义分1.000000。当前无已放物品，待放item_01实际为general/light，并非模型所说电子产品；无电子箱与重箱接触对。该题全部候选语义分均1.0。
EXP_1C_DEEPSEEK_FLASH_VALIDATION,DC_00155,vlm_text,False,False,0.0,C11,候选C11平衡性最佳（质心偏移仅52mm），且与已放置的轻质电子产品箱保持足够距离，满足隔离要求。,,,
EXP_1C_DEEPSEEK_FLASH_VALIDATION,DC_00155,vlm_visual,False,False,0.0,C11,C11与已放置的电子产品箱保持足够间距，无接触或支撑关系，且平衡性最佳、重心偏移最小。,,,
EXP_1C_DEEPSEEK_FLASH_VALIDATION,DC_00156,vlm_text,False,False,0.0,C16,C16支撑于item_03（medium，非重物），满足硬规则；其平衡得分0.7609为最高，质心偏移186.7mm最小，稳定性1.0，综合几何质量最优。,,,
EXP_1C_DEEPSEEK_FLASH_VALIDATION,DC_00156,vlm_visual,False,False,0.0,C16,C16支撑于中等重量纸箱item_03，未与重物item_02或item_05接触，符合电子产品隔离规则；同时平衡偏移最小、剩余承载余量充足、稳定性满分，几何质量最优。,,,
EXP_1C_DEEPSEEK_FLASH_VALIDATION,DC_00157,vlm_text,False,False,0.163321,C10,C10将易碎箱置于已放箱体之上，处于较高层，且不承载其他箱体，符合易碎品优先放高层、避免受压的硬规则；其余候选均为底层放置。,语义次优；理由忽略下方易碎箱,易碎箱支撑载荷误判,C10->cand_f5928c6714f1，语义分0.436679；Oracle C11->cand_4d68e8d7f54e，语义分0.600000。待放item_02及支撑物item_01均为易碎箱；所选C10在z=240且支撑于item_01，Oracle C11在z=0且不压其他箱。模型只看新箱位于高层，漏看下方易碎箱被压。
EXP_1C_DEEPSEEK_FLASH_VALIDATION,DC_00157,vlm_visual,False,False,0.163321,C10,C10将易碎箱置于已放箱体之上，符合优先放较高层且不承载其他箱体的要求；其余候选均为底层放置。,语义次优；理由忽略下方易碎箱,易碎箱支撑载荷误判,C10->cand_f5928c6714f1，语义分0.436679；Oracle C11->cand_4d68e8d7f54e，语义分0.600000。待放item_02及支撑物item_01均为易碎箱；所选C10在z=240且支撑于item_01，Oracle C11在z=0且不压其他箱。模型只看新箱位于高层，漏看下方易碎箱被压。
EXP_1C_DEEPSEEK_FLASH_VALIDATION,DC_00158,vlm_text,True,False,0.0,C12,C12将非易碎塑料箱置于较高层（z=260），且其支撑的易碎箱item_10/item_11仅承受0kg，符合易碎箱尽量不承载其他箱体的要求；同时平衡偏移最小（15.2mm），几何质量最佳。,语义等价选择；理由误认支撑箱易碎属性,物品易碎属性误认,C12->cand_7161229be55d，语义分0.600000；Oracle C03->cand_b8e41d2b2828，语义分0.600000。所选C12支撑于item_10/item_11；两者在public_request中均为fragile=false，非模型声称的易碎箱。所选与Oracle C03同为0.6分。
EXP_1C_DEEPSEEK_FLASH_VALIDATION,DC_00158,vlm_visual,True,False,0.0,C12,当前物料为非易碎重物，需避免压在易碎箱上；C12置于较高层且支撑稳定，平衡与剩余承载余量均优于低层候选，符合优先放高层的规则。,语义等价选择；需核查理由中的物品属性,无,C12->cand_7161229be55d，语义分0.600000；Oracle C03->cand_b8e41d2b2828，语义分0.600000。待放item_13非易碎，所选C12支撑于非易碎item_10/item_11；所选与Oracle C03均为0.6分，虽非同一ID但语义无损失。
EXP_1C_DEEPSEEK_FLASH_VALIDATION,DC_00159,vlm_text,True,False,0.052380999999999955,C01,C01置于已放易碎箱item_13之上，z_base=460mm为最高层，且item_14非易碎，符合易碎箱尽量不承载、优先放高层的规则；支撑比1.0、剩余承载95.09kg，几何稳定。,,,
EXP_1C_DEEPSEEK_FLASH_VALIDATION,DC_00159,vlm_visual,True,False,0.052380999999999955,C01,C01将当前非易碎箱放在最高层，且支撑于已放置箱体之上，不增加易碎箱承载，符合易碎箱尽量不承载并优先高层的规则；同时支撑完整、剩余承载充足。,,,
EXP_1C_DEEPSEEK_FLASH_VALIDATION,DC_00160,vlm_text,True,False,0.203696,C07,C07与电子产品item_13同区且支撑稳定，满足集中码放要求，几何质量均衡。,语义次优；同类距离判断偏差,电子产品聚类距离误判,C07->cand_3d22cb3c5cd6，语义分0.649157；Oracle C11->cand_f0d3f7282d5f，语义分0.852853。待放item_15和已放item_13均为电子产品；所选C07与item_13的中心距约644mm，Oracle C11约343mm。所选并非最集中的候选。
EXP_1C_DEEPSEEK_FLASH_VALIDATION,DC_00160,vlm_visual,True,False,0.203696,C07,C07放置在电子产品item_09上方，与item_13同属electronics类别，满足电子产品集中码放要求；支撑比1.0、稳定性1.0、剩余承载96.22kg，几何质量优于同类C02/C09。,语义次优；理由又误认支撑物类别,电子产品聚类距离误判；物品类别误认,C07->cand_3d22cb3c5cd6，语义分0.649157；Oracle C11->cand_f0d3f7282d5f，语义分0.852853。所选C07距同类item_13约644mm，Oracle C11约343mm；所选支撑物item_09实际为general/heavy，并非模型所说电子产品。
EXP_1C_DEEPSEEK_FLASH_VALIDATION,DC_00161,vlm_text,True,False,0.041622999999999966,C16,C16与同属电子产品的item_15同层相邻，且支撑于item_14，重心偏移小、平衡与稳定性高，符合电子产品集中码放要求。,语义次优；理由误述同层关系,电子产品聚类距离误判；高度关系误述,C16->cand_b05f2b42bf4d，语义分0.686575；Oracle C06->cand_b53ef75e7dad，语义分0.728198。所选C16 z=540mm，已放电子产品item_15 z=380mm，并非模型所说“同层”；Oracle C06的平均同类中心距离更小。
EXP_1C_DEEPSEEK_FLASH_VALIDATION,DC_00161,vlm_visual,True,False,0.041622999999999966,C16,C16与同属电子产品的item_13、item_15相邻，满足电子产品箱集中码放要求，且平衡与稳定性评分较高、重心偏移较小。,语义次优；同类距离判断偏差,电子产品聚类距离误判,C16->cand_b05f2b42bf4d，语义分0.686575；Oracle C06->cand_b53ef75e7dad，语义分0.728198。待放item_16为电子产品；所选C16到已放电子产品item_13/item_15中心距约716/360mm，Oracle C06约343/554mm，平均距离更小，语义得分更高。
EXP_1C_DEEPSEEK_FLASH_VALIDATION,DC_00162,vlm_text,True,False,0.0016599999999999948,C13,C13与已放置的电子产品item_13同区集中码放，支撑比1.0、剩余承载余量充足，且平衡与稳定性良好。,,,
EXP_1C_DEEPSEEK_FLASH_VALIDATION,DC_00162,vlm_visual,True,False,0.0016599999999999948,C13,C13将电子产品箱放在已有电子产品item_13上方，与item_15、item_16同区集中，符合“电子产品箱应尽量集中码放”的硬规则；同时支撑比1.0、剩余承载87.51kg、稳定性高，几何质量良好。,,,
EXP_1C_DEEPSEEK_FLASH_VALIDATION,DC_00163,vlm_text,True,False,0.24026100000000006,C05,C05与已放置电子产品item_01同属electronics类别，且位于同一支撑面item_05上，满足集中码放要求；其平衡度0.983、稳定性1.0、支撑比1.0均为最优，重心偏移仅13.3mm，几何质量最佳。,语义次优；把远处候选称为靠近同类,电子产品聚类距离误判,C05->cand_a30636be67b1，语义分0.661333；Oracle C06->cand_e7ac1f9430d9，语义分0.901594。待放item_11与已放item_01均为电子产品；所选C05距item_01中心约593mm，Oracle C06约150mm，故“附近/同区”不足以支持最优判断。
EXP_1C_DEEPSEEK_FLASH_VALIDATION,DC_00163,vlm_visual,True,False,0.24026100000000006,C05,C05位于已放电子产品item_01附近，符合电子产品箱集中码放要求；支撑率1.0、稳定性1.0、平衡得分最高，且重心偏移仅13.259mm，几何质量优于其他候选。,语义次优；把远处候选称为靠近同类,电子产品聚类距离误判,C05->cand_a30636be67b1，语义分0.661333；Oracle C06->cand_e7ac1f9430d9，语义分0.901594。待放item_11与已放item_01均为电子产品；所选C05距item_01中心约593mm，Oracle C06约150mm，故“附近/同区”不足以支持最优判断。
EXP_1C_DEEPSEEK_FLASH_VALIDATION,DC_00164,vlm_text,True,False,0.009981000000000018,C10,C10放置在电子产品item_11正上方，与同类别电子产品集中码放，且支撑率100%、重心偏移小、剩余承载充足，综合语义与几何质量最优。,轻微语义次优；主要理由有依据,最优性过度断言,C10->cand_4d45d7d28773，语义分0.732696；Oracle C03->cand_19e7226485d5，语义分0.742677。所选C10与Oracle C03均支撑于电子产品item_11；所选得分0.732696，Oracle 0.742677，差0.009981。可称合理近优选择，不能称语义最优。
EXP_1C_DEEPSEEK_FLASH_VALIDATION,DC_00164,vlm_visual,True,False,0.009981000000000018,C10,C10放置在电子产品item_11正上方，与已有电子产品箱集中码放，且支撑率1.0、稳定性最高，满足集中码放偏好。,轻微语义次优；主要理由有依据,最优性过度断言,C10->cand_4d45d7d28773，语义分0.732696；Oracle C03->cand_19e7226485d5，语义分0.742677。所选C10与Oracle C03均支撑于电子产品item_11；所选得分0.732696，Oracle 0.742677，差0.009981。可称合理近优选择，不能称语义最优。
EXP_1C_DEEPSEEK_FLASH_VALIDATION,DC_00165,vlm_text,True,False,0.05694699999999997,C11,C11与已有电子产品item_08同区集中码放，平衡性最佳且剩余承载余量充足，几何质量优良。,语义次优；未比较所有已放同类箱,电子产品聚类距离误判,C11->cand_c166bf5e56f8，语义分0.631393；Oracle C13->cand_aad7c0b7c2b1，语义分0.688340。所选C11到四个已放电子箱的平均中心距约756mm，Oracle C13约502mm；只强调靠近某一区域，忽略其余电子箱。
EXP_1C_DEEPSEEK_FLASH_VALIDATION,DC_00165,vlm_visual,True,False,0.05694699999999997,C11,C11将电子产品箱放在已有电子产品区域附近，平衡与稳定性较好，且剩余承载能力充足。,语义次优；未比较所有已放同类箱,电子产品聚类距离误判,C11->cand_c166bf5e56f8，语义分0.631393；Oracle C13->cand_aad7c0b7c2b1，语义分0.688340。所选C11到四个已放电子箱的平均中心距约756mm，Oracle C13约502mm；只强调靠近某一区域，忽略其余电子箱。
EXP_1C_DEEPSEEK_FLASH_VALIDATION,DC_00166,vlm_text,True,False,0.331403,C01,C01质心偏移241.3mm为所有候选最小，最贴近托盘底面中心，且平衡与稳定性评分较高，符合重物居中放置要求。,语义次优；用整体质心代替重物位置,重物位置与整体质心混淆,C01->cand_c2a1aaef852d，语义分0.355954；Oracle C13->cand_2a716eba997b，语义分0.687357。待放item_02为重物；所选C01的自身XY距托盘中心约503mm，Oracle C13约244mm。模型引用的是放置后整体质心偏移241.3mm，不是该重物位置。
EXP_1C_DEEPSEEK_FLASH_VALIDATION,DC_00166,vlm_visual,True,False,0.331403,C01,C01的质心偏移最小（241.3mm），最符合重物靠近托盘底面中心的指令，且平衡性得分最高。,语义次优；用整体质心代替重物位置,重物位置与整体质心混淆,C01->cand_c2a1aaef852d，语义分0.355954；Oracle C13->cand_2a716eba997b，语义分0.687357。待放item_02为重物；所选C01的自身XY距托盘中心约503mm，Oracle C13约244mm。模型引用的是放置后整体质心偏移241.3mm，不是该重物位置。
EXP_1C_DEEPSEEK_FLASH_VALIDATION,DC_00167,vlm_text,True,False,0.19078499999999998,C09,C09质心偏移最小（75.1mm），最接近托盘底面中心，符合重物居中放置要求，且平衡得分最高。,语义次优；用整体质心代替重物位置,重物位置与整体质心混淆,C09->cand_55dcf83f9ef7，语义分0.420288；Oracle C12->cand_57fced80f1ec，语义分0.611073。待放item_03为重物；所选C09自身XY距中心约503mm，Oracle C12约205mm。模型引用整体质心偏移75.1mm误当重箱居中证据。
EXP_1C_DEEPSEEK_FLASH_VALIDATION,DC_00167,vlm_visual,True,False,0.19078499999999998,C09,C09的质心偏移仅75.1mm，为所有底层候选最小，最符合重物靠近托盘底面中心的硬规则，且平衡评分最高。,语义次优；用整体质心代替重物位置,重物位置与整体质心混淆,C09->cand_55dcf83f9ef7，语义分0.420288；Oracle C12->cand_57fced80f1ec，语义分0.611073。待放item_03为重物；所选C09自身XY距中心约503mm，Oracle C12约205mm。模型引用整体质心偏移75.1mm误当重箱居中证据。
EXP_1C_DEEPSEEK_FLASH_VALIDATION,DC_00168,vlm_text,True,True,0.0,C04,C04将重物置于底层且质心偏移较小，符合重物靠近托盘底面中心的要求，同时几何质量较好。,选择正确；理由仍依赖整体质心代理指标,理由指标混淆,C04->cand_4db6f40371f1，语义分0.662288；Oracle C04->cand_4db6f40371f1，语义分0.662288。所选C04与Oracle相同，新重物XY距托盘中心45mm，符合规则；理由主要引用整体质心偏移272.7mm，应区分整体质心与当前重物坐标。
EXP_1C_DEEPSEEK_FLASH_VALIDATION,DC_00168,vlm_visual,True,True,0.0,C04,C04位于底层且质心偏移最小（272.7mm），最符合重物靠近底面中心的硬规则，同时几何质量均衡。,选择正确；理由仍依赖整体质心代理指标,理由指标混淆,C04->cand_4db6f40371f1，语义分0.662288；Oracle C04->cand_4db6f40371f1，语义分0.662288。所选C04与Oracle相同，新重物XY距托盘中心45mm，符合规则；理由主要引用整体质心偏移272.7mm，应区分整体质心与当前重物坐标。
EXP_1C_DEEPSEEK_FLASH_VALIDATION,DC_00169,vlm_text,False,False,0.0,C14,C14将重物置于底层，符合“重物应尽量放在较低层”的硬规则；其平衡得分0.8413较高，重心偏移123.9mm较小，几何质量良好。,,,
EXP_1C_DEEPSEEK_FLASH_VALIDATION,DC_00169,vlm_visual,False,False,0.0,C14,C14将重物置于底层，符合“重物应尽量放在较低层”的硬规则；其平衡得分0.8413为底层候选最高，重心偏移123.9mm最小，几何质量优良。,,,
EXP_1C_DEEPSEEK_FLASH_VALIDATION,DC_00170,vlm_text,False,False,0.0,C01,C01将重物置于底层，符合“重物应尽量放在较低层”的硬规则；其平衡性、稳定性和紧凑度在底层候选中综合最优，且重心偏移最小。,,,
EXP_1C_DEEPSEEK_FLASH_VALIDATION,DC_00170,vlm_visual,False,False,0.0,C01,C01将重物置于底层，符合重物低放规则，且平衡与稳定性最佳。,,,
EXP_1C_DEEPSEEK_FLASH_VALIDATION,DC_00171,vlm_text,False,True,0.0,C05,C05放置高度最低（z_base=290mm），符合“重物应尽量放在较低层”的硬规则，且支撑比1.0、剩余承载余量最大，稳定性最佳。,选择正确；理由误述规则等级,软规则误称硬规则,C05->cand_2a7607386c87，语义分0.884921；Oracle C05->cand_2a7607386c87，语义分0.884921。所选C05与Oracle相同，z=290mm是该题候选的最低放置高度；ground_truth_rule将heavy_low标为soft，模型却称“硬规则”。
EXP_1C_DEEPSEEK_FLASH_VALIDATION,DC_00171,vlm_visual,False,True,0.0,C05,C05放置高度最低（z_base=290mm），符合重物放低层的硬规则，且支撑比1.0、剩余承载余量最大，几何质量良好。,选择正确；理由误述规则等级,软规则误称硬规则,C05->cand_2a7607386c87，语义分0.884921；Oracle C05->cand_2a7607386c87，语义分0.884921。所选C05与Oracle相同，z=290mm为该题最低候选层；ground_truth_rule标注heavy_low为soft，模型却称硬规则。
EXP_1C_DEEPSEEK_FLASH_VALIDATION,DC_00172,vlm_text,False,True,0.0,C06,C06与C01/C03/C05/C08/C13同处290mm低层，满足重物放低层硬规则；其支撑比1.0、稳定性满分，且质心偏移54.9mm小于C01/C08/C13，几何质量优于同层候选。,选择正确；理由误述规则等级,软规则误称硬规则,C06->cand_998960e81cd1，语义分0.683060；Oracle C06->cand_998960e81cd1，语义分0.683060。所选C06与Oracle相同，z=290mm为该题最低候选层；ground_truth_rule标注heavy_low为soft，模型却称硬规则。
EXP_1C_DEEPSEEK_FLASH_VALIDATION,DC_00172,vlm_visual,False,True,0.0,C06,C06位于z=290mm的较低层，符合重物尽量放低层的要求；支撑比1.0、稳定性满分，且平衡与共模偏移优于同层多数候选。,选择正确；所选为最低层候选,无,C06->cand_998960e81cd1，语义分0.683060；Oracle C06->cand_998960e81cd1，语义分0.683060。所选C06与Oracle相同，z=290mm是该题候选最低放置高度；规则为heavy_low软偏好，且该选择达到最高语义分。
EXP_1C_DEEPSEEK_FLASH_VALIDATION,DC_00173,vlm_text,False,True,0.0,C08,C08将重物置于290mm低层，支撑完整稳定，重心偏移小，符合重物放低层要求。,,,
EXP_1C_DEEPSEEK_FLASH_VALIDATION,DC_00173,vlm_visual,False,True,0.0,C08,C08将重物item_15放在z=290的较低层，符合“重物应尽量放在较低层”的硬规则；同时支撑比1.0、稳定性1.0、剩余承载37.758kg充足，平衡与紧凑度在低位候选中较优，优于C01/C03/C07/C09等同类低位候选。,,,
EXP_1C_DEEPSEEK_FLASH_VALIDATION,DC_00174,vlm_text,False,False,0.0,C07,item_16为9.48kg重物且不可堆叠，C07将其放在z=320mm较低层，符合“重物应尽量放在较低层”的硬规则；同时支撑比0.96、重心偏移95.6mm，几何质量可接受。,,,
EXP_1C_DEEPSEEK_FLASH_VALIDATION,DC_00174,vlm_visual,False,False,0.0,C07,item_16为重物且不可堆叠，指令要求重物尽量放在较低层；C07的z_base为320mm，明显低于其他候选的530mm，同时支撑比0.96、稳定性与平衡性可接受，因此优先选择。,,,
EXP_1C_DEEPSEEK_FLASH_VALIDATION,DC_00175,vlm_text,False,True,0.0,C08,C08支撑于item_03（general轻物），未与重物item_04接触，且平衡偏移最小、稳定性满分，几何质量最优。,,,
EXP_1C_DEEPSEEK_FLASH_VALIDATION,DC_00175,vlm_visual,False,True,0.0,C08,C08支撑于通用轻质箱item_03，未与重物箱item_04接触，满足硬规则；其平衡偏移16.91mm为候选中最优，稳定性满分，几何质量最佳。,,,
EXP_1C_DEEPSEEK_FLASH_VALIDATION,DC_00176,vlm_text,False,True,0.0,C03,C03支撑于item_02（general轻物），未与重物item_04接触，满足硬规则；其平衡偏移最小、稳定性满分、支撑比1.0，几何质量最优。,,,
EXP_1C_DEEPSEEK_FLASH_VALIDATION,DC_00176,vlm_visual,False,True,0.0,C03,C03支撑于通用轻箱item_02，未与重物箱item_04接触，满足硬规则；其平衡偏移小、稳定性满分、支撑比完整，几何质量优于其他合规候选。,,,
EXP_1C_DEEPSEEK_FLASH_VALIDATION,DC_00177,vlm_text,True,False,0.333333,C05,C05支撑于电子产品item_04，未与重物箱接触，且平衡性最佳、重心偏移最小、剩余承载充足。,违反语义硬规则；理由误认支撑箱类别,电子产品与重物直接接触；物品类别误认,C05->cand_8f52346b417c，语义分0.666667；Oracle C02->cand_4aa54529037c，语义分1.000000。所选电子产品item_09支撑于item_04；item_04实际为general/heavy，并非模型声称的电子产品。Oracle记录electronics_heavy_contact:1，语义分0.666667而无接触候选为1.0。
EXP_1C_DEEPSEEK_FLASH_VALIDATION,DC_00177,vlm_visual,True,False,0.333333,C05,C05支撑于通用轻箱item_04，未与重物箱接触，且平衡偏移最小、稳定性满分，几何质量最优。,违反语义硬规则；理由误认支撑箱重量级,电子产品与重物直接接触；重量级误认,C05->cand_8f52346b417c，语义分0.666667；Oracle C02->cand_4aa54529037c，语义分1.000000。所选电子产品item_09支撑于item_04；item_04实际为general/heavy，并非模型声称的通用轻箱。Oracle记录electronics_heavy_contact:1，语义分0.666667而无接触候选为1.0。
EXP_1C_DEEPSEEK_FLASH_VALIDATION,DC_00178,vlm_text,True,False,0.49380699999999994,C08,C08的质心偏移量最小（87.7mm），最符合重物靠近托盘底面中心的指令，且平衡得分最高。,语义次优；用整体质心代替重物位置,重物位置与整体质心混淆,C08->cand_1648eb6c4392，语义分0.301935；Oracle C01->cand_b4d942c16ccb，语义分0.795742。待放item_02为重物；所选C08自身XY距中心约545mm，Oracle C01约160mm。模型引用整体质心偏移87.7mm，因此误选边缘位置。
EXP_1C_DEEPSEEK_FLASH_VALIDATION,DC_00178,vlm_visual,True,False,0.49380699999999994,C08,C08的质心偏移最小（87.7mm），最符合重物靠近托盘底面中心的硬规则，且平衡评分最高。,语义次优；用整体质心代替重物位置,重物位置与整体质心混淆,C08->cand_1648eb6c4392，语义分0.301935；Oracle C01->cand_b4d942c16ccb，语义分0.795742。待放item_02为重物；所选C08自身XY距中心约545mm，Oracle C01约160mm。模型引用整体质心偏移87.7mm，因此误选边缘位置。
EXP_1C_DEEPSEEK_FLASH_VALIDATION,DC_00179,vlm_text,True,False,0.238798,C16,C16的质心偏移量最小（272mm），最符合重物靠近托盘底面中心的指令，且平衡与紧凑度综合较优。,语义次优；用整体质心代替重物位置,重物位置与整体质心混淆,C16->cand_96c04ab870fd，语义分0.424475；Oracle C12->cand_600430eed39c，语义分0.663273。待放item_03为重物；所选C16自身XY距中心约450mm，Oracle C12约76mm。整体质心偏移272.1mm不能替代该重物位置。
EXP_1C_DEEPSEEK_FLASH_VALIDATION,DC_00179,vlm_visual,True,False,0.238798,C16,C16的质心偏移量最小（272.084mm），最符合重物靠近托盘底面中心的硬规则，且平衡性得分最高。,语义次优；用整体质心代替重物位置,重物位置与整体质心混淆,C16->cand_96c04ab870fd，语义分0.424475；Oracle C12->cand_600430eed39c，语义分0.663273。待放item_03为重物；所选C16自身XY距中心约450mm，Oracle C12约76mm。整体质心偏移272.1mm不能替代该重物位置。
EXP_1C_DEEPSEEK_FLASH_VALIDATION,DC_00180,vlm_text,True,False,0.13512500000000005,C01,C01置于底层，重心偏移196mm为底层候选最小，且平衡与稳定性评分高，最符合重物靠近托盘底面中心的要求。,语义次优；用整体质心代替重物位置,重物位置与整体质心混淆,C01->cand_801cd375517e，语义分0.526640；Oracle C14->cand_3a4a18c4c64b，语义分0.661765。待放item_05为重物；所选C01自身XY距中心约521mm，Oracle C14约99mm。Oracle虽在z=260mm，但本题heavy_center规则评价XY居中；模型优先底层与整体质心。
EXP_1C_DEEPSEEK_FLASH_VALIDATION,DC_00180,vlm_visual,True,False,0.13512500000000005,C01,C01置于底层且质心偏移最小（196mm），最符合重物靠近托盘底面中心的硬规则，同时平衡与稳定性评分较高。,语义次优；用整体质心代替重物位置,重物位置与整体质心混淆,C01->cand_801cd375517e，语义分0.526640；Oracle C14->cand_3a4a18c4c64b，语义分0.661765。待放item_05为重物；所选C01自身XY距中心约521mm，Oracle C14约99mm。Oracle虽在z=260mm，但本题heavy_center规则评价XY居中；模型优先底层与整体质心。
EXP_1C_DEEPSEEK_FLASH_FINAL_V1,DC_00274,vlm_text,True,False,0.0,C01,C01将易碎箱置于较高层（z=160mm），且不承载其他箱体，符合易碎品优先放高层的规则；其余候选均置于底层，不符合优先高层要求。,一次协议修复成功；最终选择语义同分最优,初次state_hash抄写错误；一次修复成功,所选cand_f0c00439b936语义分0.675294；Oracle cand_8a136dc5b865语义分0.675294。首次响应虽选C01，但state_hash与请求不一致，解析器未接受；第二次响应修正state_hash后才提交C01。2次供应商请求，repair_count=1，fallback=False。所选语义分0.675294与最佳同分。
EXP_1C_DEEPSEEK_FLASH_FINAL_V1,DC_00324,vlm_visual,True,False,0.25,,,供应商响应形状错误；回退加重语义硬规则接触数,provider_error；geometry_greedy回退；语义硬规则风险,所选cand_055c328fafe7语义分0.250000；Oracle cand_9a203f19fa4f语义分0.500000。response.json仅记录“DeepSeek response shape is invalid”，attempts为空，无可审计原始响应；fallback=True。几何回退候选语义分0.25并有electronics_heavy_contact:3，最佳候选0.5分、contact:2。16候选的事后接触数均至少为2，故不宣称存在零接触候选；物理硬违规仍为0。
EXP_1C_DEEPSEEK_FLASH_FINAL_V1,DC_00335,vlm_visual,False,True,0.0,,,供应商响应形状错误；按策略回退且语义同分最优,provider_error；geometry_greedy回退,所选cand_b490f1d6249b语义分1.000000；Oracle cand_b490f1d6249b语义分1.000000。response.json仅记录“DeepSeek response shape is invalid”，attempts为空，无法确定供应商返回体具体形状；fallback=True。回退候选与Oracle相同，语义分1.0，物理硬违规0。
EXP_1C_DEEPSEEK_FLASH_FINAL_V1,DC_00338,vlm_visual,True,False,0.11454199999999992,,,供应商响应形状错误；按策略回退但语义次优,provider_error；geometry_greedy回退,所选cand_71de538faae6语义分0.587419；Oracle cand_e6bbe8864b24语义分0.701961。response.json仅记录“DeepSeek response shape is invalid”，attempts为空，无法确定供应商返回体具体形状；fallback=True。回退候选语义分0.587419，Oracle为0.701961，regret=0.114542，物理硬违规0。
